<?xml version="1.0" encoding="UTF-8"?>
<web-app
    xmlns="http://java.sun.com/xml/ns/javaee"
    xmlns:xsi="http://www.w3.org/2001/XMLSchema-instance"
    xsi:schemaLocation="http://java.sun.com/xml/ns/javaee http://java.sun.com/xml/ns/javaee/web-app_3_0.xsd"
    version="3.0">
    <display-name>CTI</display-name>
    <context-param>
        <param-name>dbUser</param-name>
        <param-value>root</param-value>
    </context-param>
    <context-param>
        <param-name>dbPass</param-name>
        <param-value>root</param-value>
    </context-param>
    <context-param>
        <param-name>dbDriver</param-name>
        <param-value>com.mysql.cj.jdbc.Driver</param-value>
    </context-param>
    <context-param>
        <param-name>dbUrl</param-name>
        <param-value>jdbc:mysql://localhost:3306/tiw?serverTimezone=UTC</param-value>
    </context-param>
    <welcome-file-list>
		<welcome-file>login.jsp</welcome-file>
	</welcome-file-list>
</web-app>
